softmax,label
3.2041909889812814e-06,0
0.0014526774175465107,0
0.0005605755723081529,0
9.733312253956683e-06,0
0.011474275030195713,0
1.0,0
1.0,0
1.0,0
1.0,1
0.9999998807907104,1
0.9999995231628418,1
0.9999994039535522,1
1.0,1
1.0,1
1.0,1
1.0,1
1.0,1
1.0,1
1.0,1
1.0,1
1.0,1
1.0,1
1.0,1
1.0,1
1.0,1
1.0,1
1.0,1
1.0,1
1.0,1
1.0,1
1.0,1
1.0,1
1.0,1
1.0,1
1.0,1
1.0,1
0.9999992847442627,1
0.9999996423721313,1
0.9999998807907104,1
1.0,1
1.0,1
1.0,1
1.0,1
1.0,1
1.0,1
1.0,1
1.0,1
1.0,1
1.0,1
1.0,1
1.0,1
1.0,1
1.0,1
1.0,1
1.0,1
1.0,1
1.0,1
1.0,1
1.0,1
1.0,1
1.0,1
1.0,1
1.0,1
1.0,1
1.0,1
1.0,1
1.0,1
1.0,1
1.0,1
1.0,1
1.0,1
1.0,1
1.0,1
1.0,1
1.0,1
1.0,1
1.0,1
1.0,1
1.0,1
1.0,1
1.0,1
1.0,1
1.0,1
1.0,1
1.0,1
0.9999384880065918,1
0.9999967813491821,1
0.9999812841415405,1
0.9999995231628418,1
0.9999402761459351,1
0.9997511506080627,1
0.41204166412353516,1
0.0209874976426363,1
0.9999998807907104,1
1.0,1
1.0,1
1.0,1
1.0,1
1.0,1
1.0,1
1.0,1
1.0,1
1.0,1
1.0,1
1.0,1
1.0,1
1.0,1
0.9999997615814209,1
1.0,1
1.0,1
1.0,1
1.0,1
0.9999998807907104,1
0.9895378351211548,1
0.01440571527928114,1
2.7442615888051414e-11,1
1.7968958298305443e-13,1
1.3239279464394293e-12,1
2.624274131335369e-10,1
6.227068860553686e-10,1
6.610800937778549e-07,0
0.0009503202745690942,0
0.0835505872964859,0
1.0,0
1.0,0
1.0,0
1.0,0
1.0,0
1.0,1
1.0,1
1.0,1
1.0,1
1.0,1
1.0,1
1.0,1
1.0,1
1.0,1
1.0,1
1.0,1
1.0,1
1.0,1
1.0,1
1.0,1
1.0,1
1.0,1
1.0,1
1.0,1
1.0,1
1.0,1
1.0,1
1.0,1
1.0,1
1.0,1
1.0,1
1.0,1
1.0,1
1.0,1
1.0,1
1.0,1
1.0,1
1.0,1
1.0,1
1.0,1
1.0,1
1.0,1
1.0,0
1.0,0
0.004578516818583012,0
1.3631365480826219e-10,0
5.603884023486216e-10,0
5.669740284902636e-12,0
3.4945317039375423e-12,0
1.5663120485950172e-13,0
4.081951519418342e-13,0
1.5124972671878845e-13,0
1.3565383538693965e-10,0
5.013712101736845e-12,0
6.932402134979254e-12,0
1.9694157415983682e-10,0
3.264748045239685e-07,0
6.133769056759775e-05,0
0.9996814727783203,1
8.293382620649936e-07,1
5.849279727243584e-09,1
5.617811993374744e-08,1
9.448896109987004e-10,1
1.0,1
1.0,1
1.0,1
1.0,1
1.0,1
1.0,1
1.0,1
1.0,1
1.0,1
1.0,1
1.0,1
1.0,1
0.0021622891072183847,1
2.279666256113644e-13,1
5.328433303475322e-07,0
8.212130975238097e-10,0
5.178431902036484e-12,0
3.1966679737288617e-12,0
4.004809450643826e-13,0
5.3857470566631704e-11,0
2.5892602298349665e-11,0
1.8801473439656984e-14,0
2.9681894556142854e-14,0
5.35584120625696e-16,0
1.8793773232540084e-13,0
1.2452551197226353e-13,0
4.276258458446591e-09,0
3.09872859816096e-07,0
1.6307408756688346e-08,0
2.979818614079477e-10,0
4.634752651111462e-11,0
1.7212412051215153e-10,0
9.322547178669538e-10,0
4.840829959107396e-10,0
7.779620697645484e-12,0
1.743132443943196e-10,0
1.2557684059277818e-10,0
1.0744735830237051e-11,0
2.5658381669346753e-12,0
4.6976592944390425e-14,0
9.728569810634954e-14,0
2.6801003365391207e-13,0
1.0456764577490563e-12,0
1.6663617100759476e-12,0
6.783974965986206e-13,0
1.438840799977692e-12,0
3.864067919800984e-12,0
3.34237384947908e-13,0
5.621517791196129e-13,0
1.058939286084637e-12,0
6.6514450197674435e-12,0
1.7178491268365903e-11,0
8.619771563189715e-11,0
1.4062504938294751e-08,0
6.16086950344652e-08,0
6.817422321114819e-11,0
1.4726746569177634e-13,0
2.5026050906617504e-14,1
7.61139540284006e-10,1
5.838514738343292e-08,1
1.2522947145043872e-05,1
0.5228342413902283,1
0.9999557733535767,1
1.0,1
1.0,1
1.0,1
1.0,1
1.0,1
1.0,1
1.0,1
1.0,1
1.0,1
1.0,1
1.0,1
1.0,1
1.0,1
1.0,1
1.0,1
1.0,1
1.0,1
1.0,1
1.0,1
1.0,1
1.0,1
1.0,1
1.0,1
1.0,1
1.0,1
1.0,1
1.0,1
1.0,1
1.0,1
1.0,1
1.0,1
1.0,1
1.0,1
1.0,1
1.0,1
1.0,1
1.0,1
1.0,1
1.0,1
1.0,1
1.0,1
1.0,1
1.0,1
1.0,1
1.0,1
1.0,1
1.0,1
1.0,1
1.0,1
1.0,1
1.0,1
1.0,1
1.0,1
1.0,1
1.0,1
1.0,1
1.0,1
1.0,1
1.0,1
0.9999998807907104,1
0.9999997615814209,1
0.9999995231628418,1
0.9979123473167419,0
3.7650697777280584e-05,0
3.8559552194783464e-05,0
0.37805992364883423,0
0.000752515101339668,0
2.592413147795014e-05,0
0.00031337913242168725,0
0.0007548227440565825,0
0.7294017672538757,0
0.014913268387317657,0
0.0022498853504657745,0
7.282606384251267e-05,0
0.99912029504776,0
1.0,0
1.0,0
1.0,0
1.0,0
1.0,0
1.0,0
1.0,0
1.0,1
0.9999996423721313,1
1.0,1
1.0,1
1.0,1
1.0,1
1.0,1
1.0,1
0.9999977350234985,1
0.9999984502792358,1
0.9999996423721313,0
0.004026044625788927,0
6.313319311779253e-10,0
1.6702836336257576e-10,0
2.628893214229322e-10,0
1.4110071444584094e-10,0
3.949899851640737e-10,0
8.834899478671332e-10,0
6.420985271260449e-11,0
6.174568634165212e-10,0
2.2980928271465473e-10,0
1.8996849926455894e-10,0
3.8212541464410776e-10,0
2.810949528697648e-10,0
1.2445280916928425e-10,0
2.627845441249832e-10,0
4.0399150691428076e-10,0
1.2108498026464076e-07,0
0.9999998807907104,1
1.0,1
1.0,1
1.0,1
1.0,1
1.0,1
1.0,1
1.0,1
1.0,1
1.0,1
1.0,1
1.0,1
1.0,1
1.0,1
1.0,1
1.0,1
1.0,1
1.0,1
1.0,1
1.0,1
1.0,1
1.0,1
1.0,1
1.0,1
1.0,1
1.0,1
1.0,1
1.0,1
1.0,1
1.0,1
1.0,1
1.0,1
1.0,1
1.0,1
1.0,1
1.0,1
1.0,1
1.0,1
0.9995467066764832,1
0.9999812841415405,0
1.0,0
0.4698724150657654,0
2.869925852522215e-09,0
1.025852840175201e-11,0
3.66028951939712e-12,0
2.5140514670063396e-12,0
7.223129429648201e-13,0
1.7580517120210915e-13,0
2.7595068452512805e-09,0
2.0764537658757298e-11,0
1.090798350082689e-12,0
5.13814692019738e-14,0
1.91973108416843e-12,0
7.168258875367428e-09,0
2.9727195851592114e-06,0
1.0,1
1.0,1
1.0,1
1.0,1
1.0,1
1.0,1
1.0,1
1.0,1
1.0,1
1.0,1
1.0,1
1.0,1
1.0,1
1.0,1
1.0,1
1.0,1
1.0,1
1.0,1
0.9700011610984802,1
0.0004974493058398366,1
5.680561815206431e-13,1
1.0358013925737541e-11,1
6.4232947849518496e-09,1
2.2776369679178288e-09,1
1.05849320419793e-08,1
1.4871438525076996e-09,1
4.534894681995638e-09,1
1.1874582384052701e-07,1
6.857253098679905e-10,1
2.2263091370433585e-10,1
2.2613855232833657e-10,1
4.2513850079251014e-11,1
0.0008297892054542899,1
1.0,1
0.9996975660324097,1
0.9999929666519165,1
1.0,1
0.9999998807907104,1
7.617263690917753e-06,0
5.94561997292048e-13,0
9.353826307262336e-13,0
8.599793511858411e-13,0
8.508459778747146e-13,0
3.4567699180518274e-13,0
2.4710263132540766e-13,0
1.7471707945432985e-13,0
3.991241609132071e-14,0
6.305519935400142e-14,0
1.388295132066092e-13,0
1.1854259978141823e-13,0
5.451490157188342e-14,0
8.280390804450699e-14,0
2.8147153864946893e-14,0
7.900194306251565e-14,0
5.687258389924787e-14,0
7.772790386589151e-14,0
6.366755674102123e-14,0
7.524517033757894e-13,0
1.5225650601413676e-12,0
2.2751063186166043e-12,0
4.666862382651793e-12,0
7.538376034510463e-10,0
2.5686492932663896e-08,0
8.52503347914535e-08,0
1.2783241132297007e-08,1
1.5466209424275235e-09,1
2.203921073418158e-10,1
1.2001328750232965e-11,1
0.011660301126539707,1
1.0,1
1.0,1
1.0,1
1.0,1
1.0,1
1.0,1
1.0,1
1.0,1
1.0,1
1.0,1
1.0,1
1.0,1
1.0,1
1.0,1
1.0,1
1.0,1
1.0,1
1.0,1
1.0,1
1.0,1
1.0,1
1.0,1
1.0,1
1.0,1
1.0,1
1.0,1
1.0,1
1.0,1
1.0,1
1.0,1
1.0,1
1.0,1
1.0,1
1.0,1
1.0,1
1.0,1
0.9999963045120239,1
1.0,1
1.0,1
1.0,1
1.0,1
1.0,1
1.0,1
1.0,1
1.0,1
1.0,1
1.0,1
1.0,1
1.0,1
1.0,1
1.0,1
1.0,1
1.0,1
1.0,1
1.0,1
1.0,1
1.0,1
1.0,1
1.0,1
1.0,1
1.0,1
1.0,1
0.9986975193023682,1
0.9279036521911621,1
0.9999998807907104,1
0.9415950179100037,1
3.3568230719538406e-06,0
1.0851447314053075e-06,0
1.212206711898034e-06,0
8.600599699093436e-07,0
8.934823370054801e-08,0
1.065030286184765e-08,0
5.576441530763532e-09,0
1.216850442631312e-08,0
7.984383643133697e-08,0
6.585863587815766e-08,0
4.624584715173796e-09,0
4.016138976936645e-09,0
2.1621612177114002e-05,0
0.9831109046936035,0
0.9999954700469971,0
1.0,0
1.0,0
1.0,0
1.0,0
0.9999998807907104,0
0.9999997615814209,0
0.9999998807907104,0
1.0,0
0.9999991655349731,0
0.6397255659103394,0
0.23370929062366486,0
7.519519726884027e-07,0
9.166398196036596e-10,0
2.334015480887075e-10,0
2.0310308173066005e-06,0
1.5331967233578325e-06,0
5.115741857908418e-11,0
7.179920720468136e-12,0
7.026799715009746e-12,0
7.051669664859261e-11,0
1.4805431880482445e-10,0
6.1357003922069e-09,0
5.0372058524317254e-08,0
3.068189613486538e-08,0
5.9272917241059986e-08,0
7.28368760860576e-08,0
2.913002949966881e-09,0
2.0584975946036366e-09,0
1.3166723267232783e-09,0
9.588508875779667e-10,0
4.959163080187068e-10,0
7.821551739617405e-11,0
1.2754269862469414e-10,0
5.086642773655115e-10,0
1.37432654145897e-09,0
5.779204226286083e-09,0
0.00018305335834156722,0
0.999885082244873,0
1.0,0
1.0,0
1.0,0
1.0,0
1.0,0
1.0,0
1.0,0
1.0,0
1.0,0
1.0,1
1.0,1
1.0,1
1.0,1
1.0,1
1.0,1
1.0,1
1.0,1
1.0,1
1.0,1
1.0,1
1.0,1
1.0,1
1.0,1
1.0,1
1.0,1
1.0,1
1.0,1
1.0,1
1.0,1
1.0,1
1.0,1
1.0,1
1.0,1
1.0,1
1.0,1
1.0,1
1.0,1
1.0,1
1.0,1
1.0,1
1.0,1
1.0,1
1.0,1
1.0,1
1.0,1
1.0,1
1.0,1
1.0,1
1.0,1
1.0,1
1.0,1
8.884535418474115e-07,1
3.9122870276742105e-08,1
1.6770617117245479e-09,0
1.2170760059493357e-11,0
5.245109901963474e-13,0
2.8389633309131024e-13,0
1.7061474303671498e-13,0
5.698141069231111e-13,0
2.463957315089471e-13,0
2.0123042121511503e-10,0
1.3782333496692445e-08,0
3.2008045991460676e-08,0
3.805597970085728e-08,0
1.6458546747699643e-09,0
8.155967567979872e-10,0
1.943192134978844e-10,0
2.5282757658284805e-12,0
2.6283025777486257e-13,0
0.6963186860084534,0
1.0,0
1.0,0
1.0,0
1.0,0
1.0,0
1.0,1
1.0,1
1.0,1
1.0,1
1.0,1
1.0,1
1.0,1
1.0,1
1.0,1
1.0,1
1.0,1
1.0,1
1.0,1
1.0,1
1.0,1
1.0,1
1.0,1
1.0,1
1.0,1
1.0,1
1.0,1
1.0,1
1.0,1
1.0,1
1.0,1
1.0,1
1.0,1
1.0,1
1.0,1
1.0,1
0.9999996423721313,1
0.021302789449691772,1
1.0572799302721592e-09,1
3.5303922008012023e-09,1
4.225053900491771e-12,0
2.0387543649830198e-12,0
2.1137635641821362e-08,0
0.9999091625213623,0
1.0,1
1.0,1
1.0,1
1.0,1
1.0,1
1.0,1
1.0,1
1.0,1
1.0,1
0.9785290956497192,1
8.872316076269371e-11,0
7.900047803433008e-13,0
2.9065202393312173e-13,0
3.545034274812786e-13,0
1.6591743712442153e-13,0
1.8021256145347997e-14,0
1.0928609667888115e-14,0
2.130505126295536e-15,0
2.095667296449677e-15,0
1.3353024427210816e-15,0
2.7357999526011426e-15,0
2.5993557349959784e-14,0
7.339798663600836e-14,0
6.133696252730997e-14,0
3.28432078625443e-14,0
2.0825070726031292e-14,0
3.60958482613187e-14,0
4.403398693310183e-14,0
6.278385743154619e-14,0
9.854729879354984e-13,0
2.0691859684007774e-12,0
6.718102203012721e-12,0
1.239652408502323e-10,0
1.0094434621521486e-08,0
1.601192423095199e-08,0
2.218257755259856e-08,1
9.648793986016813e-10,1
4.1129512989845907e-11,1
7.294727311091265e-08,1
1.0,1
1.0,1
1.0,1
1.0,1
1.0,1
1.0,1
1.0,1
1.0,1
1.0,1
1.0,1
1.0,1
1.0,1
1.0,1
1.0,1
1.0,1
1.0,1
1.0,1
1.0,1
1.0,1
1.0,1
1.0,1
1.0,1
1.0,1
1.0,1
1.0,1
1.0,1
1.0,1
1.0,1
1.0,1
1.0,1
1.0,1
1.0,1
1.0,1
1.0,1
1.0,1
1.0,1
1.0,1
1.0,1
1.0,1
1.0,1
1.0,1
1.0,1
1.0,1
1.0,1
1.0,1
1.0,1
1.0,1
1.0,1
1.0,1
1.0,1
1.0,1
1.0,0
1.0,0
0.9999954700469971,0
1.0,0
1.0,0
0.9999912977218628,0
3.510924732365306e-13,0
2.265432849993254e-12,0
2.1761497492889248e-08,0
4.120178864752688e-09,0
6.283259329498136e-11,0
2.495698370186261e-10,0
4.34321432984941e-11,0
5.060330749984132e-06,0
1.7398724239114927e-08,0
1.4628065514443733e-07,0
2.5554487415035965e-09,0
5.483952918439172e-06,0
0.2937944233417511,0
1.0,0
1.0,0
1.0,0
1.0,1
1.0,1
1.0,1
1.0,1
1.0,1
1.0,1
1.0,1
1.0,1
1.0,1
1.0,1
0.999929666519165,0
1.8725754280524143e-09,0
4.390169651424802e-12,0
2.6824504423261786e-11,0
8.613637580978661e-12,0
4.534047020211124e-13,0
5.187009675944321e-13,0
6.76462271614886e-12,0
3.898996576989777e-12,0
5.124157174962729e-12,0
1.7603552296407976e-11,0
1.0409677564382491e-09,0
6.943749667698285e-06,0
0.20373694598674774,1
0.0005574165843427181,1
1.932025739392884e-08,1
8.674454932133813e-09,1
3.4387900882393296e-07,1
1.0,1
1.0,1
1.0,1
1.0,1
1.0,1
1.0,1
1.0,1
1.0,1
1.0,1
1.0,1
1.0,1
1.0,1
1.0,1
1.0,1
1.0,1
1.0,1
1.0,1
1.0,1
1.0,1
1.0,1
1.0,1
1.0,1
1.0,1
1.0,1
1.0,1
1.0,1
0.9999983310699463,1
1.0,1
1.0,1
1.0,0
1.0,0
0.9992530941963196,0
0.00018805221770890057,0
1.891609358040114e-08,0
1.564642443385722e-10,0
1.3729286804653462e-11,0
1.1230389041676572e-13,0
6.514730974734734e-14,0
1.3828932302669544e-13,0
9.809183847131475e-12,0
1.903868174224499e-09,0
4.635411610109941e-09,0
1.2406464744429968e-09,0
7.003612267908466e-08,0
0.9999998807907104,1
1.0,1
1.0,1
1.0,1
1.0,1
1.0,1
1.0,1
1.0,1
1.0,1
1.0,1
1.0,1
1.0,1
1.0,1
1.0,1
1.0,1
1.0,1
1.0,1
1.0,1
0.9999998807907104,0
5.1283524982181916e-08,0
1.5240096307871966e-15,0
2.4316855630869896e-14,0
3.158559525040516e-11,0
9.060975168957708e-13,0
1.5927077297544882e-14,0
2.0711620827141945e-14,0
6.7145789330462e-16,0
2.643022845701603e-16,0
2.5248201920056534e-16,0
1.5717511605515275e-15,0
8.637496967667246e-11,0
2.781141983376756e-11,0
4.817305443438613e-10,0
5.565804436259703e-13,0
5.278646223334229e-15,0
1.3448651270582274e-14,0
4.545712764536525e-12,0
8.10003594146208e-13,0
4.5623159655554246e-14,0
5.083521494378407e-13,0
9.272807131519012e-13,0
9.040514105558561e-14,0
7.257345766009671e-14,0
1.5471075755137814e-13,0
1.4238500786398212e-12,0
1.2979395119447346e-12,0
2.6543296640507696e-12,0
2.545093693087641e-12,0
4.864797800707699e-12,0
5.416425294391125e-11,0
2.89451665760887e-12,0
5.485331373150659e-12,0
1.1458914546402799e-11,0
8.149676246349546e-12,0
2.759290018694571e-10,0
3.276140958519136e-08,0
1.1984745640347683e-07,0
2.9227084041849594e-07,0
8.969682219195363e-10,0
4.484723774567101e-07,1
1.0,1
1.0,1
1.0,1
1.0,1
1.0,1
1.0,1
1.0,1
1.0,1
1.0,1
1.0,1
1.0,1
1.0,1
1.0,1
1.0,1
1.0,1
1.0,1
1.0,1
1.0,1
1.0,1
1.0,1
1.0,1
1.0,1
1.0,1
1.0,1
1.0,1
1.0,1
1.0,1
1.0,1
1.0,1
1.0,1
1.0,1
1.0,1
1.0,1
1.0,1
1.0,1
1.0,1
1.0,1
1.0,1
1.0,1
1.0,1
1.0,1
1.0,1
1.0,1
1.0,1
1.0,1
1.0,1
1.0,1
1.0,1
1.0,1
1.0,1
1.0,1
1.0,1
1.0,1
1.0,1
1.0,1
1.0,1
1.0,1
0.9999994039535522,1
1.4878923138894606e-05,0
3.861091134316208e-12,0
1.0335874646124395e-14,0
8.23171622554332e-14,0
1.0975685421285575e-12,0
3.795367882822309e-13,0
5.780702522564796e-13,0
6.278638164936012e-10,0
1.488436457419695e-11,0
1.3404291565599635e-11,0
2.8460888160108944e-12,0
8.340612814121406e-13,0
3.824536987020316e-13,0
1.8857831962648675e-13,0
2.551463306312094e-14,0
5.2335550173102097e-14,0
1.668685060463894e-14,0
2.1191352166972932e-13,0
4.748494375483858e-10,0
0.002552781719714403,0
1.0,1
1.0,1
1.0,1
1.0,1
1.0,1
1.0,1
1.0,1
1.0,1
1.0,1
1.0,1
1.0,1
9.429646752323606e-07,0
3.78452130744833e-11,0
1.521846537677618e-10,0
3.065677156577351e-10,0
6.033387123238754e-10,0
3.732514020082789e-10,0
3.2741825917170786e-10,0
7.755582287494178e-10,0
6.920637951601805e-10,0
5.841850891918909e-10,0
3.3605077054410515e-10,0
1.61190644165643e-10,0
1.6401158209333744e-10,0
5.878770803491307e-10,0
7.31178451118808e-10,0
4.398276534645085e-11,1
0.9983868598937988,1
1.0,1
1.0,1
1.0,1
1.0,1
1.0,1
1.0,1
1.0,1
1.0,1
1.0,1
1.0,1
1.0,1
1.0,1
1.0,1
1.0,1
1.0,1
1.0,1
1.0,1
1.0,1
1.0,1
1.0,1
1.0,1
1.0,1
1.0,1
1.0,1
1.0,1
1.0,1
1.0,1
1.0,1
1.0,1
1.0,1
1.0,1
1.0,1
0.9999992847442627,0
7.837522948347941e-13,0
4.32102660943845e-12,0
1.3543600919582732e-12,0
1.113646562391369e-14,0
3.79737169172497e-14,0
9.222677959871972e-13,0
7.275946609531375e-14,0
2.9873296897168014e-14,0
1.4863738712067587e-11,0
6.676857677856418e-11,0
2.0363682528418137e-12,0
5.168891082160806e-15,0
1.1389421307114733e-12,0
6.6220366967684186e-09,0
1.034381025277753e-09,0
0.999954104423523,0
1.0,1
1.0,1
1.0,1
1.0,1
1.0,1
1.0,1
1.0,1
1.0,1
1.0,1
1.0,1
1.0,1
1.0,1
1.0,1
1.0,1
1.0,1
1.0,1
1.0,1
1.0,1
0.00020487129222601652,0
4.236163286472361e-13,0
8.059846188996137e-16,0
4.529590424121781e-15,0
1.6499796295490273e-15,0
5.2825739151106475e-15,0
2.187170021104249e-14,0
1.4382248443947122e-14,0
4.197294157897558e-16,0
6.885489005978437e-16,0
3.8911732743863016e-16,0
4.2584181729537964e-16,0
1.3830191332442343e-14,0
5.219947807333369e-10,0
1.8680893637545992e-11,0
3.178328711328504e-10,0
1.9841540113392855e-14,0
2.7870428201078913e-14,0
1.9601189432411764e-13,0
5.586319709767473e-13,0
1.6475921104860958e-12,0
1.4409810150661784e-11,0
1.566888708625508e-13,0
3.913717494617025e-13,0
1.9861315283392633e-13,0
2.3525509340073525e-13,0
1.1893990566752555e-12,0
1.6687757946332038e-12,0
4.456235293964772e-12,0
2.550623991529055e-12,0
8.810859160324203e-12,0
5.478221608984368e-12,0
1.3161129087599366e-12,0
8.292205463944491e-12,0
9.895022301531498e-12,0
9.984250093353353e-10,0
9.466474892860788e-08,0
1.1634617180789064e-07,0
1.8052728023576492e-07,0
2.63521493515384e-09,0
6.702056271068457e-11,0
0.999995231628418,1
1.0,1
1.0,1
1.0,1
1.0,1
1.0,1
1.0,1
1.0,1
1.0,1
1.0,1
1.0,1
1.0,1
1.0,1
1.0,1
1.0,1
1.0,1
1.0,1
1.0,1
1.0,1
1.0,1
1.0,1
1.0,1
1.0,1
1.0,1
1.0,1
1.0,1
1.0,1
1.0,1
1.0,1
1.0,1
1.0,1
1.0,1
1.0,1
1.0,1
1.0,1
1.0,1
1.0,1
1.0,1
1.0,1
1.0,1
1.0,1
1.0,1
1.0,1
1.0,1
1.0,1
1.0,1
1.0,1
1.0,1
1.0,1
1.0,1
1.0,1
1.0,1
1.0,1
1.0,1
1.0,1
1.0,1
1.0,1
1.0,1
1.0,1
1.0,1
1.0,1
0.9999997615814209,1
1.0,1
1.0,0
0.9999918937683105,0
0.9999688863754272,0
0.999782145023346,0
0.9999972581863403,0
5.772525355496327e-07,0
0.00024863582802936435,0
0.997021496295929,0
0.999988317489624,0
0.9999998807907104,0
0.9999884366989136,0
0.9976420998573303,0
0.964144766330719,0
0.09050236642360687,0
0.9999994039535522,0
1.0,0
1.0,0
1.0,0
1.0,1
1.0,1
1.0,1
1.0,1
1.0,1
1.0,1
1.0,1
1.0,1
1.0,1
0.9999998807907104,1
0.9999998807907104,1
0.9999921321868896,1
0.9997616410255432,1
0.006221699062734842,0
1.6139354741540046e-08,0
1.8321434647194934e-10,0
8.213563509884558e-12,0
7.65828234161603e-11,0
3.9948121199895326e-11,0
7.458197254228693e-11,0
8.512440752284078e-12,0
2.3812913446663586e-12,0
4.1247432552848906e-11,0
1.1998496640686085e-10,0
3.093949818566699e-10,0
4.563195377116358e-10,0
3.7066547053932197e-10,0
2.7833402249655137e-10,0
1.7224095413825857e-11,0
0.06999530643224716,1
1.0,1
1.0,1
1.0,1
1.0,1
1.0,1
1.0,1
1.0,1
1.0,1
1.0,1
1.0,1
1.0,1
1.0,1
1.0,1
1.0,1
1.0,1
1.0,1
1.0,1
1.0,1
1.0,1
1.0,1
1.0,1
1.0,1
1.0,1
1.0,1
1.0,1
1.0,1
1.0,1
1.0,1
1.0,1
1.0,1
1.0,1
1.0,1
1.0,1
1.0,1
1.0,0
1.0,0
1.0,0
1.0,0
1.0,0
0.8657833933830261,0
1.879380988611956e-07,0
4.3469625121694833e-10,0
7.793061335137352e-12,0
2.1569393840459306e-11,0
1.6763678223341572e-09,0
3.36249361687635e-11,0
6.480866190927692e-12,0
7.068586271863353e-10,0
1.511982006263679e-08,0
1.8028211457021825e-07,0
1.0,0
1.0,1
1.0,1
1.0,1
1.0,1
1.0,1
1.0,1
1.0,1
1.0,1
1.0,1
1.0,1
1.0,1
1.0,1
1.0,1
1.0,1
1.0,1
1.0,1
1.0,1
1.0,1
0.01902838982641697,1
2.3269721653035313e-12,0
1.4589875701076938e-15,0
1.1515996523622871e-14,0
1.2144955756408869e-14,0
1.3652440621428081e-14,0
1.3551675040923868e-14,0
2.08975183010429e-15,0
4.1999046075618773e-16,0
4.862672683981497e-16,0
5.040683539989685e-16,0
1.5568212519441048e-15,0
2.2320063852721006e-10,0
3.5195321657077727e-10,0
2.7177676342055035e-12,0
2.7098815067448136e-14,0
4.574953697128459e-13,0
3.462182146876658e-12,0
1.2251299801036009e-11,0
1.2696939333256552e-10,0
9.400046713237131e-12,0
5.430535188200025e-11,0
2.734078935473505e-11,0
1.2150203803143467e-12,0
7.641640141844985e-13,0
4.659086159410075e-13,0
2.7719786101915167e-12,0
3.4563894715095023e-12,0
4.021199605935832e-12,0
3.559888495097141e-12,0
2.012114216562444e-12,0
3.073279044446542e-12,0
4.2295751319712527e-13,0
4.632830035398994e-13,0
2.468407151855895e-13,0
1.36000003034438e-13,0
4.649605353512776e-13,0
1.4140003057327988e-10,0
3.2419631423863393e-09,0
7.24677207131208e-08,0
5.403957814564819e-08,0
1.395709329360395e-11,0
8.766856041120263e-08,0
1.0,1
1.0,1
1.0,1
1.0,1
1.0,1
1.0,1
1.0,1
1.0,1
1.0,1
1.0,1
1.0,1
1.0,1
1.0,1
1.0,1
1.0,1
1.0,1
1.0,1
1.0,1
1.0,1
1.0,1
1.0,1
1.0,1
1.0,1
1.0,1
1.0,1
1.0,1
1.0,1
1.0,1
1.0,1
1.0,1
1.0,1
1.0,1
1.0,1
1.0,1
1.0,1
1.0,1
1.0,1
1.0,1
1.0,1
1.0,1
1.0,1
1.0,1
1.0,1
1.0,1
1.0,1
1.0,1
1.0,1
1.0,1
1.0,1
1.0,1
1.0,1
1.0,1
1.0,1
1.0,1
1.0,1
1.0,1
1.0,1
1.0,1
1.0,1
1.0,1
1.0,1
1.0,1
1.0,1
1.0,1
1.0,0
4.3900397206364516e-10,0
3.244578000369258e-14,0
2.7553675487068663e-13,0
4.007784121934366e-12,0
1.3765464462744958e-12,0
1.3662750618370634e-11,0
2.0637281814006592e-11,0
4.599684522155201e-11,0
1.0845151166005707e-11,0
2.5401180724776706e-12,0
3.10723538912705e-12,0
2.223930024511378e-12,0
1.358414140721631e-12,0
1.0465504331202968e-12,0
8.103141638585165e-13,0
4.697992754369718e-13,0
8.645048652639042e-14,0
1.9964413802697756e-11,0
6.244549322076409e-11,0
1.1903875107854844e-10,0
1.8180293425221206e-12,0
1.876977035169397e-13,0
5.207519528441229e-13,0
3.758493082733905e-12,0
9.359494429483917e-11,0
0.001425255206413567,0
0.9999970197677612,1
0.9999840259552002,1
0.9999743700027466,1
0.9999629259109497,1
0.9999998807907104,1
1.0,1
1.0,1
1.0,1
1.0,1
4.052976176893708e-09,0
2.6701326305555995e-07,0
4.618333377948147e-07,0
4.612525028591108e-09,0
6.298930821380111e-11,0
4.4128724979719536e-11,0
5.7063475472629577e-11,0
3.922300678693702e-11,0
5.623796567322259e-11,0
2.7331198068636375e-11,0
1.4847078427804306e-11,0
3.5118505326003913e-12,0
1.2744925774466065e-11,0
6.465324803306416e-11,0
1.2750937805616758e-10,0
1.6036909300520819e-10,0
1.6904794231109577e-09,1
1.4233805245567055e-08,1
0.9999998807907104,1
1.0,1
1.0,1
1.0,1
1.0,1
1.0,1
1.0,1
1.0,1
1.0,1
1.0,1
1.0,1
1.0,1
1.0,1
1.0,1
1.0,1
1.0,1
1.0,1
1.0,1
1.0,1
1.0,1
1.0,1
1.0,1
1.0,1
1.0,1
1.0,1
1.0,1
1.0,1
1.0,1
1.0,1
1.0,1
1.0,1
1.0,1
1.0,1
1.0,1
1.0,0
1.0,0
1.0,0
1.0,0
0.9999995231628418,0
8.890623480473092e-12,0
1.063263435630013e-10,0
1.574190604258785e-11,0
4.1775017147784033e-13,0
2.651986486315594e-12,0
3.3553199108027343e-10,0
1.3678239096925893e-11,0
7.355583156454237e-13,0
3.3316082531653635e-11,0
8.130188966504193e-09,0
0.00010155136260436848,0
0.9999998807907104,0
1.0,1
1.0,1
1.0,1
1.0,1
1.0,1
1.0,1
1.0,1
1.0,1
1.0,1
1.0,1
1.0,1
1.0,1
1.0,1
1.0,1
1.0,1
1.0,1
1.0,1
1.0,1
0.9999995231628418,1
4.9773188948165625e-06,1
9.365117290330554e-15,1
6.359251893925692e-15,0
6.184601442082993e-13,0
5.363004961997375e-13,0
1.7283247858053408e-13,0
8.07005287248308e-14,0
7.343804113001812e-14,0
1.190424305354612e-13,0
2.4198362497812598e-14,0
2.6415325971100275e-15,0
1.2713495620847448e-13,0
5.089865195984089e-10,0
1.5258684697982972e-06,0
0.9950178265571594,1
1.0,1
1.0,1
1.0,1
1.0,1
0.0004850425466429442,1
4.046134087498654e-12,1
1.7884997302597405e-11,0
5.853467016647684e-12,0
4.1226074745832897e-13,0
3.013507412358285e-13,0
1.303658461564161e-12,0
8.051469647246678e-13,0
1.3157607869993676e-13,0
8.06268300821561e-14,0
3.0999745684930774e-14,0
9.184509706591792e-14,0
1.5514190409779416e-13,0
2.3646343672197034e-13,0
1.8617879048339614e-13,0
2.326598115554024e-13,0
6.135056113305837e-13,0
4.797236284430351e-13,0
3.4349427599153493e-13,0
7.29284118988413e-14,0
4.4637866536759163e-13,0
1.3323381026913994e-12,0
3.6740614890728995e-12,0
3.2231797092441283e-11,0
1.9262103023720556e-10,0
3.7643173023127474e-09,0
5.521870072300317e-09,0
1.2516375491600229e-08,0
1.4558120264851482e-09,0
1.0144800971501056e-10,0
2.6616030481818598e-06,0
1.0,1
1.0,1
1.0,1
1.0,1
1.0,1
1.0,1
1.0,1
1.0,1
1.0,1
1.0,1
1.0,1
1.0,1
1.0,1
1.0,1
1.0,1
1.0,1
1.0,1
1.0,1
1.0,1
1.0,1
1.0,1
1.0,1
1.0,1
1.0,1
1.0,1
1.0,1
1.0,1
1.0,1
1.0,1
1.0,1
1.0,1
1.0,1
1.0,1
1.0,1
1.0,1
1.0,1
1.0,1
1.0,1
1.0,1
1.0,1
1.0,1
1.0,1
1.0,1
1.0,1
1.0,1
1.0,1
1.0,1
1.0,1
1.0,1
1.0,1
1.0,1
1.0,1
1.0,1
1.0,1
1.0,1
1.0,1
1.0,1
1.0,1
1.0,1
1.0,1
1.0,1
1.0,1
1.0,1
1.0,1
1.0,1
1.0,1
1.0,1
1.0,1
1.0,1
1.0,1
1.0,1
1.0,1
1.0,1
1.0,1
1.0,1
1.0,1
1.0,1
1.0,1
1.0,1
1.0,1
1.0,1
0.9980701804161072,0
0.2320791333913803,0
0.9997923970222473,0
0.9999964237213135,0
1.0,0
1.0,0
1.0,0
1.0,0
1.0,0
1.0,0
1.0,0
1.0,0
1.0,0
0.9999990463256836,0
1.0,0
1.0,0
1.0,0
1.0,0
1.0,0
1.0,0
1.0,0
1.0,0
1.0,1
1.0,1
1.0,1
0.9999971389770508,1
0.9998303651809692,1
0.999991774559021,1
0.999985933303833,1
0.9999979734420776,1
0.9999966621398926,1
0.989609956741333,0
0.9863813519477844,0
1.7479408143117325e-07,0
2.555379241542255e-10,0
8.565061854204359e-12,0
3.05049284443637e-11,0
3.632948519793899e-08,0
1.4373790158117572e-08,0
1.7311887479110055e-09,0
3.791446712142488e-09,0
1.279152561650676e-09,0
6.311344225018445e-10,0
5.170166517132202e-10,0
3.5480635096618585e-10,0
2.00588545773428e-10,0
4.924868499123214e-11,0
6.80993983426248e-10,0
1.2396618453980324e-10,0
8.677883300833855e-08,1
1.0,1
1.0,1
1.0,1
1.0,1
1.0,1
1.0,1
1.0,1
1.0,1
1.0,1
1.0,1
1.0,1
1.0,1
1.0,1
1.0,1
1.0,1
1.0,1
1.0,1
1.0,1
1.0,1
1.0,1
1.0,1
1.0,1
1.0,1
1.0,1
1.0,1
1.0,1
1.0,1
1.0,1
1.0,1
1.0,1
1.0,1
1.0,1
1.0,1
1.0,1
1.0,1
1.0,1
1.0,1
1.0,0
1.0,0
1.0,0
1.0,0
0.02556711994111538,0
6.4231970853256826e-09,0
9.491416541607123e-10,0
1.7286958323148305e-11,0
6.027097766182765e-13,0
2.111769613344361e-11,0
1.9815636631559386e-10,0
2.7880730710250212e-11,0
6.915488320879959e-11,0
1.5013370546768101e-09,0
7.32358458321869e-08,0
0.03446138650178909,0
1.0,0
1.0,1
1.0,1
1.0,1
1.0,1
0.9999998807907104,1
0.9999998807907104,1
1.0,1
1.0,1
1.0,1
1.0,1
1.0,1
1.0,1
1.0,1
1.0,1
1.0,1
1.0,1
0.004159634001553059,0
6.628755877535752e-10,0
3.119545052981151e-16,0
5.7667993576498815e-15,0
3.7782099429855935e-15,0
6.28511660576668e-15,0
3.777505719793246e-14,0
9.489278937277468e-14,0
1.687434134751368e-14,0
2.7600211138377635e-14,0
5.21843869792692e-16,0
3.067646285511696e-15,0
5.357169459797374e-16,0
1.2254926890983842e-14,0
4.614433835037346e-13,0
1.3721708214120554e-09,0
3.5786495988787692e-09,0
1.4361691003106358e-10,0
3.5026757156612215e-14,0
1.9300118794807197e-11,0
4.2841771796808814e-13,0
4.799921836270938e-15,0
1.3724336142716316e-15,0
2.97834063726736e-14,0
8.04259762086923e-13,0
2.619603423070771e-10,0
4.7303133632325967e-11,0
1.8974975757313217e-10,0
5.427757635706465e-12,0
8.941859297277588e-13,0
3.7868135276813986e-13,0
3.409026099604473e-12,0
2.750186580205427e-12,0
5.363417175663354e-12,0
6.488583975672313e-12,0
1.5427177764426592e-12,0
7.971581836470343e-13,0
7.396776875896738e-13,0
5.051162938439491e-13,0
2.469188861622257e-13,0
1.2361585279702103e-13,0
1.8416703979982213e-13,0
3.154543987138325e-11,0
4.907972916967651e-10,0
3.876691323512205e-08,0
5.516451295761726e-08,0
6.947195041462351e-10,0
1.5910441020228205e-10,0
1.0,0
1.0,1
1.0,1
1.0,1
1.0,1
1.0,1
1.0,1
1.0,1
1.0,1
1.0,1
1.0,1
1.0,1
1.0,1
1.0,1
1.0,1
1.0,1
1.0,1
1.0,1
1.0,1
1.0,1
1.0,1
1.0,1
1.0,1
1.0,1
1.0,1
1.0,1
1.0,1
1.0,1
1.0,1
1.0,1
1.0,1
1.0,1
1.0,1
1.0,1
1.0,1
1.0,1
1.0,1
1.0,1
1.0,1
1.0,1
1.0,1
1.0,1
1.0,1
1.0,1
1.0,1
1.0,1
1.0,1
1.0,1
1.0,1
1.0,1
1.0,1
1.0,1
1.0,1
1.0,1
1.0,1
1.0,1
1.0,1
1.0,1
1.0,1
1.0,1
1.0,1
1.0,1
1.0,1
1.0,1
0.9999996423721313,1
0.9999998807907104,1
1.0,1
1.0,1
0.7102581858634949,1
7.753093086648732e-05,0
4.157115199632244e-06,0
3.547319806784799e-07,0
2.1859336811758112e-06,0
0.1299312561750412,0
0.9999929666519165,0
0.9999991655349731,0
0.9999997615814209,0
1.0,0
0.03874710947275162,0
0.05625387281179428,0
0.9997846484184265,0
1.0,1
1.0,1
1.0,1
1.0,1
1.0,1
1.0,1
1.0,1
1.0,1
1.0,1
1.0,1
1.0,1
1.0,1
1.0,1
1.0,1
1.0,1
1.0,1
1.0,1
1.0,1
1.0,1
0.9999997615814209,1
1.0,1
1.0,1
1.0,1
0.99970942735672,1
8.95835182745941e-06,0
2.2675511641978563e-12,0
2.9821750537756264e-12,0
1.406863375796874e-10,0
1.4252815594417712e-09,0
9.083830354583711e-10,0
8.111906146801573e-10,0
1.2306460017708076e-10,0
1.9510580651083131e-10,0
6.320301082496371e-08,0
4.198820457990138e-10,0
1.0292610513884526e-11,0
2.1686153578188289e-13,1
6.263340037548915e-05,1
1.0,1
1.0,1
1.0,1
1.0,1
1.0,1
1.0,1
1.0,1
1.0,1
1.0,1
1.0,1
1.0,1
1.0,1
1.0,1
1.0,1
1.0,1
1.0,1
1.0,1
1.0,1
1.0,1
1.0,1
1.0,1
1.0,1
1.0,1
1.0,1
1.0,1
1.0,1
1.0,1
1.0,1
1.0,1
1.0,1
1.0,1
1.0,1
1.0,1
1.0,1
1.0,0
1.0,0
1.0,0
1.0,0
6.998470813285307e-12,0
3.7064498692451764e-10,0
1.4776338139177447e-11,0
1.7780974175679587e-12,0
6.697666509944411e-13,0
5.337818945530537e-13,0
3.442099903716578e-12,0
7.96183084739166e-12,0
3.11389351803637e-11,0
2.958119971196993e-09,0
3.6408056569570135e-09,0
0.00533877220004797,0
1.0,1
1.0,1
1.0,1
1.0,1
1.0,1
1.0,1
1.0,1
1.0,1
1.0,1
1.0,1
1.0,1
1.0,1
1.0,1
1.0,1
1.0,1
1.0,1
1.0,1
0.9999997615814209,1
0.442542165517807,0
9.946856532883075e-11,0
2.7342759133242023e-12,0
2.737798269342173e-12,0
1.1949558638597868e-13,0
1.2066273002465933e-13,0
8.222780963074161e-12,0
9.255203753995994e-14,0
1.805389063073981e-12,0
1.0537034786373134e-11,0
1.2734258959812284e-11,0
4.156208155414731e-10,0
5.511240033229114e-07,0
1.0,0
1.0,0
1.0,0
1.0,0
0.999873161315918,0
0.0004145225393585861,0
2.012957800445747e-09,0
1.222963952329792e-10,0
3.621052624414034e-10,0
3.616304200537712e-10,0
9.330689693110017e-11,0
1.3952962341079456e-08,0
9.903685871393009e-09,0
5.523420696512682e-12,0
2.242411768424435e-12,0
9.450053586879115e-13,0
3.91781225517196e-12,0
1.2843066454076846e-12,0
1.2293755423387065e-12,0
4.869130272588951e-13,0
1.5201587818397533e-13,0
1.7507200658802013e-13,0
1.5081589677199553e-13,0
4.2742417542601316e-14,0
2.3658060509549814e-14,0
1.9577154025500476e-14,0
1.0430843471950779e-13,0
2.4320429004021094e-10,0
3.550591998191521e-08,0
5.357528110039311e-08,0
2.211084204617464e-09,0
5.867207414356201e-11,0
1.0,0
1.0,1
1.0,1
1.0,1
1.0,1
1.0,1
1.0,1
1.0,1
1.0,1
1.0,1
1.0,1
1.0,1
1.0,1
1.0,1
1.0,1
1.0,1
1.0,1
1.0,1
1.0,1
1.0,1
1.0,1
1.0,1
1.0,1
1.0,1
1.0,1
1.0,1
1.0,1
1.0,1
1.0,1
1.0,1
1.0,1
1.0,1
1.0,1
1.0,1
1.0,1
1.0,1
1.0,1
1.0,1
1.0,1
1.0,1
1.0,1
1.0,1
1.0,1
1.0,1
1.0,1
1.0,1
1.0,1
1.0,1
1.0,1
1.0,1
1.0,1
1.0,1
1.0,1
1.0,1
1.0,1
1.0,1
1.0,1
1.0,1
1.0,1
1.0,1
1.0,1
1.0,1
1.0,1
1.0,1
1.0,1
3.247416913154666e-08,0
2.8128209126048603e-14,0
4.456870256967088e-13,0
2.0884001993015655e-12,0
3.3844071208738447e-12,0
8.108000382200942e-12,0
4.624368596384265e-11,0
7.624356146429534e-10,0
6.195430887062647e-12,0
2.9085641881088087e-11,0
4.506073032067848e-12,0
1.7942937717216334e-12,0
7.949323165869215e-13,0
5.529088471789567e-13,0
4.0914301569112965e-13,0
2.027341239763808e-13,0
3.041501783502404e-13,0
8.727906175565181e-10,0
3.0043821652725455e-07,0
1.1169918072082008e-12,0
7.287710203102843e-14,0
1.5714259591920882e-13,0
7.909093844259141e-13,0
5.870976881733325e-12,0
1.912214830923631e-11,0
5.12313880207671e-09,1
0.9999408721923828,1
1.0,1
1.0,1
1.0,1
1.0,1
1.0,1
1.0,1
1.0,1
0.0007778509752824903,0
1.3400834261712014e-12,0
3.898316669470603e-10,0
4.396681418938897e-08,0
3.3409766619918457e-10,0
3.432385625723455e-11,0
2.0160179081685214e-11,0
4.7440832512402054e-11,0
6.06441979966732e-11,0
4.1308449716392914e-11,0
2.3009776375926272e-11,0
1.431983264604808e-11,0
3.3822582321679784e-12,0
8.7032117623842e-12,0
4.2649564435670584e-11,0
1.8768296639048998e-10,0
2.6057944690904833e-10,0
2.8460007683861477e-09,0
1.4560487926473797e-08,0
1.0,1
1.0,1
1.0,1
1.0,1
1.0,1
1.0,1
1.0,1
1.0,1
1.0,1
1.0,1
1.0,1
1.0,1
1.0,1
1.0,1
1.0,1
1.0,1
1.0,1
1.0,1
1.0,1
1.0,1
1.0,1
1.0,1
1.0,1
1.0,1
1.0,1
1.0,1
1.0,1
1.0,1
1.0,1
1.0,1
1.0,1
1.0,1
1.0,1
1.0,1
1.0,1
1.0,1
1.0,0
1.0,0
8.743866146687651e-07,0
7.876119201277731e-11,0
1.7370513014092204e-11,0
8.482177633883925e-13,0
4.813881498283434e-13,0
1.3196364031901886e-13,0
6.9518267011015045e-12,0
7.202861085353618e-10,0
3.125191483377421e-08,0
3.076126575685123e-10,0
8.377430693595755e-12,0
1.0021806301496738e-11,0
7.912975830137725e-12,0
0.024695726111531258,0
1.0,1
1.0,1
1.0,1
1.0,1
1.0,1
1.0,1
1.0,1
1.0,1
1.0,1
1.0,1
1.0,1
1.0,1
1.0,1
1.0,1
1.0,1
1.0,1
1.0,1
1.0,1
1.0,0
0.9999905824661255,0
1.0,0
1.0,0
0.9999972581863403,0
2.2166028429637663e-05,0
1.0188340171524146e-09,0
8.955445434701004e-13,0
3.7565579986964526e-12,0
1.2543733829417647e-09,0
1.248546710463927e-09,0
3.015758238689159e-07,0
1.0,1
1.0,1
1.0,1
1.0,1
1.0,1
1.0,1
0.9999998807907104,0
5.880649496248225e-06,0
3.4931703796897695e-13,0
1.2232374130543427e-13,0
5.687508434050817e-14,0
4.2362096361152346e-14,0
2.7573902295035917e-14,0
4.198299490714742e-14,0
9.966972315837361e-14,0
4.468120141996705e-14,0
2.3055606631749298e-14,0
3.973664997850186e-14,0
1.238492408671757e-13,0
1.791885053965131e-13,0
1.9170223134606923e-13,0
2.131515450254362e-13,0
1.216882714386025e-12,0
1.5264868633447365e-13,0
2.106947564551112e-13,0
3.6704667083498066e-13,0
2.7777953548469014e-12,0
1.2638293189759509e-11,0
1.1815451395058574e-10,0
2.9236344456506913e-09,0
5.977814510060853e-08,0
5.917238254937729e-08,0
1.429583917911259e-08,0
2.7332025638315827e-06,0
1.0,1
1.0,1
1.0,1
1.0,1
1.0,1
1.0,1
1.0,1
1.0,1
1.0,1
1.0,1
1.0,1
1.0,1
1.0,1
1.0,1
1.0,1
1.0,1
1.0,1
1.0,1
1.0,1
1.0,1
1.0,1
1.0,1
1.0,1
1.0,1
1.0,1
1.0,1
1.0,1
1.0,1
1.0,1
1.0,1
1.0,1
1.0,1
1.0,1
1.0,1
1.0,1
1.0,1
1.0,1
1.0,1
1.0,1
1.0,1
1.0,1
1.0,1
1.0,1
1.0,1
1.0,1
1.0,1
1.0,1
1.0,1
1.0,1
1.0,1
1.0,1
1.0,1
1.0,1
1.0,1
1.0,1
1.0,1
1.0,1
1.0,1
1.0,1
1.0,1
1.0,1
1.0,1
1.0,1
1.0,1
1.0,1
1.0,1
1.0,1
1.0,1
0.9999797344207764,0
8.12358860735607e-12,0
2.7303593752776335e-14,0
1.68315651672378e-13,0
3.5890908300917346e-11,0
1.378739160465053e-14,0
9.692046427575707e-14,0
2.0985253465499731e-13,0
7.381312764785306e-14,0
3.6898826216713587e-09,0
1.9392533090467623e-07,0
1.1720373283008456e-10,0
4.201580056095722e-12,0
2.152360104382134e-12,0
1.5622693297443618e-13,0
1.6229849408855301e-10,0
5.903423305753108e-10,0
3.183349051028017e-08,0
4.516510188068423e-08,0
3.777715085195865e-10,0
7.508439009429324e-11,0
3.082809355015037e-11,0
6.106151283387373e-13,0
3.931016102909357e-12,0
3.723018421331048e-12,0
5.036369325056578e-12,0
1.9733600864491052e-10,0
3.759319591734034e-11,0
1.0278054449197604e-11,1
1.556737486314852e-12,1
2.3990439856902412e-08,1
0.7986506819725037,1
6.199188646860421e-06,1
1.7441668942463906e-10,1
5.983497490611844e-15,1
2.815049625695676e-13,0
2.441672385111726e-11,0
1.1234939201187899e-08,0
1.4533075187728173e-08,0
6.250480737435282e-07,0
1.6084653609027555e-08,0
1.0874569994490102e-10,0
9.67702046966723e-12,0
1.0396571624438078e-11,0
1.802654379934321e-11,0
6.786907147393606e-11,0
7.850427946598515e-11,0
3.740801071683286e-11,0
1.857724737930333e-11,0
1.0855235460516255e-10,0
1.5887696713789978e-10,0
2.621112771272749e-10,0
6.902708959977133e-10,0
1.144396466479236e-09,1
0.9743520617485046,1
1.0,1
1.0,1
1.0,1
1.0,1
1.0,1
1.0,1
1.0,1
1.0,1
1.0,1
1.0,1
1.0,1
1.0,1
1.0,1
1.0,1
1.0,1
1.0,1
1.0,1
1.0,1
1.0,1
0.9999998807907104,1
1.0,1
1.0,1
1.0,1
1.0,1
1.0,1
1.0,1
1.0,1
1.0,1
1.0,1
1.0,1
1.0,1
1.0,1
1.0,1
1.0,1
1.0,0
1.0,0
1.0,0
1.0,0
0.9927560687065125,0
2.010561508947184e-11,0
5.308039008333765e-10,0
2.4076615267459855e-12,0
2.028327457164955e-13,0
4.418982540999039e-13,0
4.827653277139632e-10,0
1.5382356499671346e-10,0
1.628156359734234e-10,0
2.1338128486370067e-10,0
4.2576597802934657e-10,0
6.258294663746833e-12,0
1.2086017950330152e-12,0
5.306963549167598e-11,1
0.0008615792612545192,1
1.0,1
1.0,1
1.0,1
1.0,1
1.0,1
1.0,1
1.0,1
1.0,1
1.0,1
1.0,1
1.0,1
1.0,1
1.0,1
1.0,1
1.0,1
1.0,1
1.0,1
0.01081051118671894,1
4.863027908423752e-15,0
3.400951434150548e-17,0
7.153036538467324e-15,0
1.6933376155805514e-14,0
1.3059498415405463e-13,0
1.579284337853426e-12,0
1.931638659788404e-12,0
1.1420152204542205e-13,0
2.5655283561638875e-13,0
1.6584852167679997e-16,0
4.141437364284261e-16,0
7.799156976402049e-16,0
4.0279156264130757e-16,0
3.0258066695655964e-15,0
8.460784961528134e-09,0
1.4123939517940443e-10,0
1.4718238292629054e-13,0
1.8486941307221255e-14,0
2.6965107528592255e-15,0
1.2831733881690918e-15,0
4.500703741884212e-16,0
2.6067970464925495e-15,0
1.214699456471291e-14,0
2.988174757547618e-13,0
1.2461348142603357e-12,0
3.841879342870308e-13,0
1.6374033205701632e-13,0
1.203825667622782e-12,0
1.9879289187008098e-12,0
2.923485021774641e-12,0
3.026948266690588e-12,0
6.153047689416713e-12,0
9.549915545858934e-12,0
4.142851860178265e-12,0
9.745661309207287e-13,0
7.245579461932772e-13,0
5.39543724368402e-13,0
5.152714192824259e-13,0
8.165137945111145e-13,0
2.408361184091934e-11,0
1.5054596458341507e-10,0
1.37288291846005e-09,0
7.2185852850736865e-09,0
2.4660419484234808e-08,0
1.1542133471209581e-08,0
4.100653150374001e-11,0
7.61819101171568e-05,0
1.0,1
1.0,1
1.0,1
1.0,1
1.0,1
1.0,1
1.0,1
1.0,1
1.0,1
1.0,1
1.0,1
1.0,1
1.0,1
1.0,1
1.0,1
1.0,1
1.0,1
1.0,1
1.0,1
1.0,1
1.0,1
1.0,1
1.0,1
1.0,1
1.0,1
1.0,1
1.0,1
1.0,1
1.0,1
1.0,1
1.0,1
1.0,1
1.0,1
1.0,1
1.0,1
1.0,1
1.0,1
1.0,1
1.0,1
1.0,1
1.0,1
1.0,1
1.0,1
1.0,1
1.0,1
1.0,1
1.0,1
1.0,1
1.0,1
1.0,1
1.0,1
1.0,1
1.0,1
1.0,1
1.0,1
1.0,1
1.0,1
1.0,1
1.0,1
1.0,1
1.0,1
1.0,1
1.0,1
1.0,1
1.0,1
1.0,1
1.6908886664168676e-06,0
4.3878065785797615e-13,0
2.3515493006065653e-14,0
9.840876215045508e-15,0
3.274544331977221e-14,0
6.193286037009874e-14,0
1.4432985917522956e-09,0
1.5758780998881283e-12,0
5.4170126162489396e-08,0
5.817128112539649e-07,0
6.971003635447559e-11,0
5.7990040720767855e-12,0
1.7826239616380857e-12,0
3.422892871918215e-11,0
3.938707582307188e-09,0
2.6016510901172296e-07,0
1.1082053106292733e-06,0
4.26567703470937e-06,0
1.7271582919420325e-07,0
3.132243575620919e-09,0
1.7571166743834965e-09,0
1.2536863214229754e-10,0
3.4669486032035124e-11,0
1.1056901054462553e-11,0
3.9192455704439855e-13,0
4.463165405831082e-13,0
3.567207022391744e-13,0
1.799409823617995e-13,0
7.954748649065604e-14,0
3.666098864372677e-14,0
2.8553511145128566e-14,0
3.4075989778373575e-14,0
5.839121232972116e-14,0
8.438957405055778e-14,0
9.370339926076734e-14,0
5.903175219696202e-14,0
1.0241885464723488e-12,0
3.196689579709755e-10,0
5.881739539859154e-11,0
1.8005556767786146e-10,0
1.1894529805545062e-09,0
1.2353996226011077e-07,0
1.7137156760327343e-07,0
2.6024382648870414e-09,0
6.223503656865859e-11,0
2.755972339230084e-09,0
5.411064663007892e-08,0
9.330435729593134e-12,0
4.521358565323652e-10,0
4.073379411551059e-10,0
9.205446821480834e-11,0
8.009273244624637e-09,0
1.9613943802454514e-09,1
6.846131439530723e-10,1
9.700808906165648e-11,1
3.0639980136415446e-11,1
6.297564136836797e-10,1
3.862041708657671e-08,1
0.999657392501831,1
1.0,1
1.0,1
1.0,1
1.0,1
1.0,1
1.0,1
1.0,1
1.0,1
1.0,1
1.0,1
1.0,1
1.0,1
1.0,1
1.0,1
1.0,1
1.0,1
1.0,1
1.0,1
1.0,1
1.0,1
1.0,1
1.0,1
1.0,1
1.0,1
1.0,1
1.0,1
1.0,1
1.0,1
1.0,0
1.0,0
0.9999996423721313,0
4.252443730479172e-09,0
3.164656037224489e-11,0
2.8262711615489877e-10,0
1.0519137644271481e-12,0
2.1385196673391615e-13,0
1.1923785797705172e-13,0
2.1820876540141337e-13,0
1.132484134681172e-13,0
3.117786237516462e-11,0
5.367124106259169e-11,0
2.105174194688697e-11,0
5.597895844783318e-12,0
2.941714146581509e-12,0
2.0946895606943627e-10,0
0.00018562602053862065,0
1.0,0
1.0,1
1.0,1
1.0,1
1.0,1
1.0,1
1.0,1
1.0,1
1.0,1
1.0,1
1.0,1
1.0,1
1.0,1
1.0,1
1.0,1
1.0,1
1.0,1
1.0,1
1.0,1
0.810836672782898,1
2.161642566333999e-11,1
4.1939332899815305e-16,0
2.308351264041636e-13,0
4.630877387286347e-13,0
3.947286358993614e-14,0
6.549504048911775e-14,0
9.538764634935137e-14,0
3.423094767981017e-15,0
1.8573604636186632e-14,0
9.524760130998414e-15,0
3.1699191611455485e-14,0
3.5677476665813175e-15,0
3.685530179653451e-12,0
1.8689973613900124e-12,0
1.0317690879446673e-07,0
3.62409297016697e-10,0
3.8447827144239e-09,0
8.414624552699479e-10,0
1.0426219783365998e-11,0
6.665531807872795e-15,0
1.4400007336719256e-14,0
1.2361365898168764e-14,0
3.1187883222164037e-13,0
3.3601937898808387e-10,0
6.5122005565854124e-09,0
7.843251381700611e-09,0
2.5518978041816354e-09,0
1.7105276613540998e-12,0
2.6972749121029205e-13,0
5.037116015092769e-13,0
7.148787855085215e-13,0
2.0045295718446043e-12,0
2.56063616491109e-12,0
1.412209325174496e-12,0
3.8613985056321076e-13,0
2.285517695238548e-13,0
1.7005594523701595e-13,0
1.022265564841647e-13,0
6.830088117261088e-14,0
5.671119024147804e-14,0
2.3427223702632283e-13,0
2.2115712039472157e-11,0
4.560602451242346e-10,0
1.3889096539543289e-09,0
1.6526879420553087e-08,0
2.679589439225083e-09,0
3.740615803216052e-11,0
6.028116200651468e-11,0
1.0,0
1.0,1
1.0,1
1.0,1
1.0,1
1.0,1
1.0,1
1.0,1
1.0,1
1.0,1
1.0,1
1.0,1
1.0,1
1.0,1
1.0,1
1.0,1
1.0,1
1.0,1
1.0,1
1.0,1
1.0,1
1.0,1
1.0,1
1.0,1
1.0,1
1.0,1
0.9999998807907104,1
0.9999923706054688,1
1.0,1
1.0,1
1.0,1
1.0,1
1.0,1
1.0,1
1.0,1
1.0,1
1.0,1
1.0,1
1.0,1
1.0,1
1.0,1
1.0,1
1.0,1
1.0,1
1.0,1
1.0,1
1.0,1
1.0,1
1.0,1
1.0,1
1.0,1
1.0,1
1.0,1
1.0,1
1.0,1
1.0,1
1.0,1
1.0,1
1.0,1
1.0,1
1.0,1
1.0,1
1.0,1
1.0,1
1.0,1
1.0,1
1.0,1
1.0,1
0.9999568462371826,0
0.9999985694885254,0
8.54624282453642e-09,0
1.1728187865323036e-12,0
4.630521768973772e-14,0
1.6958942998285438e-14,0
5.802240063195949e-14,0
1.8662071128890123e-13,0
1.7836128624396097e-13,0
1.2523037077813437e-12,0
3.219623734285193e-10,0
3.768109413902765e-13,0
1.0419260940142117e-11,0
9.465193386015702e-12,1
2.3340497937174298e-11,1
9.422139513048933e-09,1
1.9192778211163386e-07,1
4.225828718062985e-07,1
5.551023036787228e-07,1
6.598707500415912e-07,1
4.865796086050977e-07,1
1.3695508016553504e-07,1
2.676361354758683e-09,1
5.019659132798893e-10,1
4.522072299950608e-11,1
5.403606815473916e-12,1
3.767759108180835e-12,0
1.248230468639533e-12,0
5.543174968515585e-13,0
2.5844520208824495e-13,0
8.093591579274098e-14,0
4.4833497943883374e-14,0
3.23846310011644e-14,0
4.509851422428851e-14,0
1.3182577046026017e-13,0
1.1921511683648384e-13,0
2.013080457538563e-13,0
1.5941818698461674e-10,0
2.6381857809454345e-10,0
5.392482016475242e-10,0
7.568873305885404e-11,0
3.082110955343609e-10,0
4.992798952052624e-10,0
1.1038201463975383e-09,0
7.266423018847945e-09,0
2.93967694631192e-09,0
1.4285310712125465e-09,0
1.055363907376261e-09,0
1.7047456779550885e-09,0
3.2384221970716e-09,0
6.276614783473633e-10,0
7.70244909520379e-11,0
5.078923392964896e-11,0
5.7189271096547145e-09,0
2.762654827126454e-10,0
0.9973857998847961,0
1.0,1
1.0,1
0.32961487770080566,1
1.0,1
0.9999973773956299,1
1.0,1
1.0,1
1.0,1
1.0,1
1.0,1
1.0,1
1.0,1
1.0,1
1.0,1
1.0,1
1.0,1
1.0,1
1.0,1
1.0,1
1.0,1
1.0,1
1.0,1
1.0,1
1.0,1
1.0,1
1.0,1
1.0,1
1.0,1
1.0,1
1.0,1
1.0,1
1.0,1
1.0,1
1.0,1
1.0,1
1.0,1
1.0,1
1.0,0
7.314419576687214e-07,0
1.5417625509606125e-11,0
3.911032955827842e-12,0
3.2909631508641624e-13,0
1.298416804846117e-13,0
1.7877204978953426e-13,0
1.6222023995361018e-13,0
3.417566251696924e-13,0
3.255959044046186e-11,0
2.44093772971965e-10,0
1.7838298893568805e-10,0
1.4841819440114534e-10,0
1.014487938100217e-10,0
1.244258140964405e-09,0
2.3866587071097456e-06,0
1.0,1
1.0,1
1.0,1
1.0,1
1.0,1
1.0,1
1.0,1
1.0,1
1.0,1
1.0,1
1.0,1
1.0,1
1.0,1
1.0,1
1.0,1
1.0,1
1.0,1
1.0,1
1.0,1
1.0,1
1.0,1
0.21385182440280914,0
1.6398599871677438e-13,0
5.493779992321731e-16,0
5.611891854673647e-15,0
3.732342939485184e-14,0
1.8763016314260472e-12,0
1.5237590919939259e-12,0
8.179720091636578e-15,0
5.859895224223297e-14,0
4.070596399015358e-15,0
8.277145609471531e-16,0
2.60907514160419e-15,0
3.8226422209041203e-16,0
5.49451373461229e-16,0
1.0567107017428294e-14,0
5.0672590568012765e-09,0
8.037810417249602e-10,0
2.0112084740675495e-12,0
1.5151580306092707e-15,0
2.182726613317895e-15,0
2.675128253138738e-15,0
4.743926605710325e-16,0
7.395961352575121e-16,0
9.067812113976084e-15,0
4.94194203788656e-13,0
2.8608943339336612e-11,0
1.6222535467735888e-11,0
2.489418989958664e-13,0
3.1552866331004126e-13,0
1.7730166835573657e-13,0
1.6912605213872944e-12,0
2.5574245412357532e-12,0
2.607616596608797e-12,0
3.991321596147346e-12,0
4.461158872870463e-12,0
1.17141257631459e-12,0
5.452719981265119e-13,0
5.35187725300007e-13,0
4.1213180871496613e-13,0
2.705869653774756e-13,0
4.696254778287223e-13,0
1.0717125971393404e-11,0
3.6778916717716825e-11,0
9.75979519424186e-10,0
2.4078227411905573e-08,0
2.0348659646174383e-08,0
5.515912171460968e-09,0
3.9416268859948644e-11,0
3.388829838968377e-07,0
1.0,1
1.0,1
1.0,1
1.0,1
1.0,1
1.0,1
1.0,1
1.0,1
1.0,1
1.0,1
1.0,1
1.0,1
1.0,1
1.0,1
1.0,1
1.0,1
1.0,1
1.0,1
1.0,1
1.0,1
1.0,1
1.0,1
1.0,1
1.0,1
1.0,1
1.0,1
1.0,1
1.0,1
1.0,1
1.0,1
1.0,1
1.0,1
1.0,1
1.0,1
1.0,1
1.0,1
1.0,1
1.0,1
1.0,1
1.0,1
1.0,1
1.0,1
1.0,1
1.0,1
1.0,1
1.0,1
1.0,1
1.0,1
1.0,1
1.0,1
1.0,1
1.0,1
1.0,1
1.0,1
1.0,1
1.0,1
1.0,1
1.0,1
1.0,1
1.0,1
1.0,1
1.0,1
1.0,1
1.0,1
1.0,1
1.0,1
1.0,1
1.0,1
0.9999997615814209,1
0.9999998807907104,0
7.874304174038116e-06,0
3.0217568898482927e-12,0
2.9432784876860796e-13,0
4.0420957732193244e-14,0
3.101028819580548e-13,0
9.67118420937274e-13,0
5.917994393145332e-12,0
1.2874441096544231e-11,0
5.730414365245906e-09,0
3.565253370307886e-10,0
1.7986875877618047e-11,0
3.8621245090908474e-11,0
3.274224641414136e-11,0
3.9075720437153905e-09,0
1.8449506455908704e-07,0
1.196763577127058e-07,0
1.2152602266723989e-06,0
3.3010087463480886e-07,0
2.6358245364122013e-08,0
5.013028325784319e-10,0
5.1923007560183976e-11,0
6.217378174799837e-12,0
9.296453364060486e-12,0
3.2737421714473802e-12,0
2.250368294487437e-12,0
9.18172981222154e-13,0
2.755241510204315e-13,0
1.0233273646867436e-12,0
1.3540739710049543e-11,0
3.518549362979684e-08,0
0.9999997615814209,1
1.0,1
1.0,1
1.0,1
1.0,1
1.0,1
1.0,0
1.0,0
9.283363661127808e-11,0
4.54334432489073e-13,0
4.4832687909335256e-12,0
9.71941169040924e-13,0
1.6959907436775445e-11,0
2.8191523768206217e-11,0
1.6462924773419374e-11,0
2.294936810032233e-12,0
3.3437911727690617e-12,0
7.646134593530807e-12,0
7.630924538093442e-12,0
1.6795568408278783e-11,0
1.2509483032774327e-11,0
6.398755657277544e-12,0
7.958524811391143e-11,0
2.4386390129471636e-10,0
5.904042255089337e-10,0
9.220998435921501e-06,0
1.0,0
1.0,1
1.0,1
1.0,1
1.0,1
1.0,1
1.0,1
1.0,1
1.0,1
1.0,1
1.0,1
1.0,1
1.0,1
1.0,1
1.0,1
1.0,1
1.0,1
1.0,1
1.0,1
1.0,1
1.0,1
1.0,1
1.0,1
1.0,1
1.0,1
1.0,1
1.0,1
1.0,1
1.0,1
1.0,1
1.0,1
1.0,1
1.0,1
1.0,1
1.0,1
1.0,1
1.0,1
1.0,1
1.0,1
1.0,0
5.932831559363194e-09,0
4.291120792032643e-09,0
1.3352339199579344e-11,0
8.785616006402874e-13,0
2.0754457993790026e-13,0
2.216467433853106e-13,0
2.2324884183053811e-13,0
2.96219591824215e-13,0
6.763277546513458e-13,0
1.1525468079920387e-10,0
5.190203822280637e-10,0
2.8330068846393885e-10,0
2.971180523836381e-10,0
7.47064077266657e-11,0
3.546850313451699e-11,0
0.7828405499458313,0
1.0,0
1.0,1
1.0,1
1.0,1
1.0,1
1.0,1
1.0,1
1.0,1
1.0,1
1.0,1
1.0,1
1.0,1
1.0,1
1.0,1
1.0,1
1.0,1
1.0,1
1.0,1
1.0,1
1.0,1
0.5766875743865967,0
0.9691857695579529,0
0.5434542894363403,0
0.0002416653442196548,0
0.9997891783714294,0
0.9998534917831421,0
0.0008512240601703525,0
1.2825582818010162e-09,0
1.5045417982220005e-13,0
4.2488151885677894e-11,0
3.723803487787336e-10,0
4.762907845901054e-10,0
6.704852921757265e-07,0
1.0,1
1.0,1
1.0,1
1.0,1
1.0,1
1.0,1
1.0,1
1.0,1
0.0010272904764860868,0
2.360847689488344e-14,0
8.520598336863704e-15,0
1.049687951577144e-14,0
2.6421939180835963e-14,0
9.618635098476713e-15,0
6.559989808579015e-15,0
7.716976675189134e-15,0
1.6498546710134836e-14,0
3.6408938743678204e-14,0
7.502958893285464e-14,0
1.0520858002068673e-13,0
1.353873881494022e-13,0
3.040023202789677e-13,0
1.880445804494993e-13,0
8.435662650178866e-13,0
2.22780087021264e-13,0
1.4611334603169268e-13,0
2.3707489964219786e-13,0
9.665855355694974e-13,0
1.2105911759152654e-11,0
4.674454226472058e-11,0
7.688080033707578e-11,0
3.7695818688732174e-10,0
2.7862432361303036e-08,0
1.926197512602812e-08,0
4.896614669291921e-09,0
6.624673587474206e-10,0
0.006786851678043604,1
1.0,1
1.0,1
1.0,1
1.0,1
1.0,1
1.0,1
1.0,1
1.0,1
1.0,1
1.0,1
1.0,1
1.0,1
1.0,1
1.0,1
1.0,1
1.0,1
1.0,1
1.0,1
1.0,1
1.0,1
1.0,1
1.0,1
1.0,1
1.0,1
1.0,1
1.0,1
1.0,1
1.0,1
1.0,1
1.0,1
1.0,1
1.0,1
1.0,1
1.0,1
1.0,1
1.0,1
1.0,1
1.0,1
1.0,1
1.0,1
1.0,1
1.0,1
1.0,1
1.0,1
1.0,1
1.0,1
1.0,1
1.0,1
1.0,1
1.0,1
1.0,1
1.0,1
1.0,1
1.0,1
1.0,1
1.0,1
1.0,1
1.0,1
1.0,1
1.0,1
1.0,1
1.0,1
1.0,1
1.0,1
1.0,1
1.0,1
1.0,1
1.0,1
1.0,1
1.0,1
0.9999998807907104,1
1.0,0
3.70687814665871e-07,0
5.335416895617395e-13,0
2.2268394539361885e-14,0
7.500179439372343e-15,0
6.77776384279058e-14,0
4.061728438396056e-13,0
6.8506311734495284e-12,0
2.554332342429716e-13,0
1.6140416780885403e-10,0
1.647090276668539e-11,0
1.31275407211362e-11,0
4.69894782806346e-11,0
8.987552022055034e-12,0
1.6441074847037274e-12,0
1.317395748046124e-09,0
1.2828310502754903e-07,0
4.7247709744624444e-07,0
4.9039972509490326e-05,0
0.00027798087103292346,0
5.453766061691567e-05,0
3.6713936424348503e-06,0
2.8683300001830503e-07,0
9.34398514118584e-09,0
1.1472376382215543e-09,0
4.969035599655669e-11,0
7.418411371307165e-12,0
7.044218073432029e-12,0
1.7266419414033174e-12,0
1.1425103484813404e-12,0
6.577436620532062e-13,0
3.7719781183047363e-13,0
1.8770201322057534e-13,0
5.3985949825113844e-14,0
2.0513591300337468e-14,0
4.403446465968408e-15,0
6.34822024269977e-16,0
6.593998957971081e-11,0
5.3181504339194774e-11,0
8.44376860098528e-11,0
1.0010253737036123e-10,0
2.851775759982189e-10,0
3.237395074240368e-10,0
4.1644526715955976e-10,0
6.193358048633968e-10,0
8.544983609581891e-10,0
7.114710487421405e-10,0
1.0242642289881587e-09,0
5.855664841902808e-09,0
4.6431454236994796e-09,0
8.680197893795594e-09,0
1.4701238004732886e-09,0
1.8612094088155118e-09,0
3.861687858375262e-08,0
5.374751310682768e-09,0
1.4505283085775034e-10,0
2.1483212778172778e-11,0
5.800083191509486e-10,0
1.0775834391463235e-10,0
1.4657707048115753e-08,0
1.0,1
1.0,1
1.0,1
1.0,1
1.0,1
1.0,1
1.0,1
1.0,1
1.0,1
1.0,1
1.0,1
1.0,1
1.0,1
1.0,1
1.0,1
1.0,1
1.0,1
1.0,1
1.0,1
1.0,1
1.0,1
1.0,1
1.0,1
1.0,1
1.0,1
1.0,1
1.0,1
1.0,1
1.0,1
1.0,1
1.0,1
1.0,1
1.0,1
1.0,1
1.0,1
1.0,1
1.0,1
1.0,1
1.0,0
1.0,0
1.0,0
2.983258917677034e-10,0
3.5866151715246986e-10,0
2.809780741408474e-10,0
3.594117408203812e-12,0
2.833532020130036e-13,0
1.8762325948527142e-13,0
1.2662125037712912e-12,0
2.102077817367487e-10,0
1.554807255166324e-10,0
1.0597526328703921e-10,0
1.0896370611357398e-10,0
2.0773194275847118e-09,0
8.523887706779476e-10,0
5.647732715524656e-12,0
0.8366559743881226,0
1.0,1
1.0,1
1.0,1
1.0,1
1.0,1
1.0,1
1.0,1
1.0,1
1.0,1
1.0,1
1.0,1
1.0,1
1.0,1
1.0,1
1.0,1
1.0,1
1.0,1
1.0,1
1.0,1
1.0,1
1.0,1
1.0,1
1.0,1
1.0,1
1.0,1
1.0,1
6.29905707683065e-06,0
3.1395988586702117e-10,0
2.695712576772369e-12,0
5.187689538469105e-14,0
4.476367193584352e-11,0
8.596592881993104e-10,0
1.7516220696123241e-09,0
0.9999862909317017,0
1.0,1
1.0,1
1.0,1
1.0,1
1.0,1
1.0,1
0.9988969564437866,1
4.0943640144952553e-10,1
6.311009657575251e-13,0
2.3684803033760526e-13,0
7.738382553018966e-14,0
2.7107138013187856e-14,0
3.049330468576743e-14,0
6.738513691267531e-14,0
1.6785561113806524e-13,0
4.904914365291835e-13,0
4.860417623930857e-13,0
1.226321019558163e-13,0
9.294387498135978e-14,0
1.3105936149705733e-13,0
8.903630193150477e-14,0
1.2973176948937598e-13,0
7.481637379937178e-14,0
9.378957978095279e-14,0
1.6444579530559833e-13,0
4.701755545771964e-14,0
2.108230040195891e-13,0
3.7216746611584695e-13,0
1.7007257147733101e-12,0
6.79771169909138e-11,0
5.85773929362432e-10,0
2.9015299052304044e-09,0
6.3646834469466285e-09,0
1.5180850354568065e-08,0
1.7545655595085918e-08,0
5.222400734083976e-09,0
1.8506005616814036e-09,0
4.1552092322483247e-10,1
0.999982476234436,1
1.0,1
1.0,1
1.0,1
1.0,1
1.0,1
1.0,1
1.0,1
1.0,1
1.0,1
1.0,1
1.0,1
1.0,1
1.0,1
1.0,1
1.0,1
1.0,1
1.0,1
1.0,1
1.0,1
1.0,1
1.0,1
1.0,1
1.0,1
1.0,1
1.0,1
1.0,1
1.0,1
1.0,1
1.0,1
1.0,1
1.0,1
1.0,1
1.0,1
1.0,1
1.0,1
1.0,1
1.0,1
1.0,1
1.0,1
1.0,1
1.0,1
1.0,1
1.0,1
1.0,1
1.0,1
1.0,1
1.0,1
1.0,1
1.0,1
1.0,1
1.0,1
1.0,1
1.0,1
1.0,1
1.0,1
1.0,1
1.0,1
1.0,1
1.0,1
1.0,1
1.0,1
1.0,1
1.0,1
1.0,1
1.0,1
1.0,1
1.0,1
1.0,1
1.0,1
1.0,1
1.0,1
1.0,1
1.0,1
1.0,1
1.0,1
1.0,1
1.0,1
1.0,1
1.0,1
1.0,1
1.0,1
1.0,1
0.9999799728393555,1
0.9999995231628418,1
0.9999998807907104,1
1.0,1
1.0,1
1.0,1
1.0,1
1.0,1
1.0,1
1.0,1
1.0,1
1.0,1
1.0,1
1.0,1
1.0,1
1.0,1
1.0,1
1.0,1
0.9999995231628418,1
0.9999997615814209,1
0.9999996423721313,1
0.9999986886978149,1
0.9999773502349854,1
7.020410703262314e-05,0
6.479426133410016e-07,0
1.6251547663159727e-08,0
1.03441200050014e-10,0
5.303472244699847e-11,0
1.8799772405486692e-08,0
3.3867297588585643e-07,0
5.866309749080756e-08,0
0.35190415382385254,0
1.0,1
1.0,1
1.0,1
1.0,1
1.0,1
1.0,1
1.0,1
1.0,0
3.140836213333387e-08,0
2.476720772914831e-10,0
1.4379479551518415e-10,0
2.837170498537489e-10,0
1.446922442971399e-10,0
9.775905085440684e-11,0
1.233760038577003e-10,0
3.19276965976556e-11,0
3.406707554942656e-11,0
4.483852872327887e-11,0
4.396423156083351e-11,0
2.2624242757007806e-11,0
2.1892019447244948e-11,0
2.5479316573262523e-11,0
2.530053389016018e-10,0
5.341735387354163e-11,0
7.592455136817833e-11,0
3.9496364512281446e-10,0
0.0007335508125834167,0
1.0,1
1.0,1
1.0,1
1.0,1
1.0,1
1.0,1
1.0,1
1.0,1
1.0,1
1.0,1
1.0,1
1.0,1
1.0,1
1.0,1
1.0,1
1.0,1
1.0,1
1.0,1
1.0,1
1.0,1
1.0,1
1.0,1
1.0,1
1.0,1
1.0,1
1.0,1
1.0,1
1.0,1
1.0,1
1.0,1
1.0,1
1.0,1
1.0,1
1.0,1
1.0,1
1.0,1
1.0,1
1.0,1
1.0,1
1.0,1
1.0,1
1.0,1
1.0,1
1.0,1
1.0,1
1.0,1
4.0350064978156297e-07,0
3.087823052805305e-11,0
1.1212844888697227e-12,0
4.780913078622495e-13,0
2.2479563241244171e-13,0
2.1284603040575695e-13,0
2.313790977391539e-13,0
3.8173874868444035e-13,0
7.049241290517372e-13,0
2.2365043844674304e-12,0
1.1742593009067548e-10,0
9.45019396070279e-10,0
4.713851531334967e-10,0
1.3935554099564484e-10,0
3.0371125059325266e-10,0
3.608681409250636e-11,0
1.7744259186991407e-11,0
3.1249738907668245e-10,0
1.0,1
1.0,1
1.0,1
1.0,1
1.0,1
1.0,1
1.0,1
1.0,1
1.0,1
1.0,1
1.0,1
1.0,1
1.0,1
1.0,1
1.0,1
1.0,1
1.0,1
1.0,1
1.0,1
1.0,1
1.0,1
1.0,1
1.0,1
1.0,1
1.0,1
1.0,1
1.0,1
1.0,1
1.0,1
0.9995817542076111,0
5.813423697986764e-08,0
3.014824390135118e-09,0
1.2088168140078626e-11,0
3.792624851325921e-13,0
7.302992303774569e-13,0
2.2914137254304023e-10,0
1.5746058623644643e-10,0
1.3405156096268911e-08,0
1.0,1
1.0,1
1.0,1
1.0,1
1.0,1
1.0,1
1.0,1
0.544929027557373,1
4.905094993373771e-12,0
6.075806090882763e-13,0
1.3240415708271058e-12,0
8.668366588762688e-13,0
2.877511326004195e-13,0
1.3180214840542714e-13,0
1.1941264491978354e-13,0
3.77584180827166e-14,0
1.9371304690526947e-14,0
2.6292590473526653e-14,0
3.9186007412019e-14,0
5.23913865849851e-14,0
5.69952952563825e-14,0
6.570850634435299e-14,0
5.377188765868374e-14,0
4.310230828936251e-14,0
2.369527236098859e-14,0
1.6096819312042855e-14,0
1.37787942202359e-14,0
1.7026844547469132e-14,0
3.4253561765435966e-14,0
9.783351835905216e-14,0
1.277362953909164e-13,0
5.376421963881883e-13,0
9.714501338770054e-13,0
2.99592598992926e-12,0
8.267553308627384e-12,0
5.666221380984382e-10,0
1.647688763206645e-09,0
7.650917233092969e-09,0
2.2056894977140473e-08,0
8.449129040855041e-08,0
1.8912846400098715e-08,0
4.7865185592854687e-08,0
1.493645918060338e-08,0
8.602972778604112e-10,0
1.4408451098901764e-09,0
9.537152436678298e-07,0
0.9998879432678223,1
1.0,1
1.0,1
1.0,1
1.0,1
1.0,1
1.0,1
1.0,1
1.0,1
1.0,1
1.0,1
1.0,1
1.0,1
1.0,1
1.0,1
1.0,1
1.0,1
1.0,1
1.0,1
1.0,1
1.0,1
1.0,1
1.0,1
1.0,1
1.0,1
1.0,1
1.0,1
1.0,1
1.0,1
1.0,1
1.0,1
1.0,1
1.0,1
1.0,1
1.0,1
1.0,1
1.0,1
1.0,1
1.0,1
1.0,1
1.0,1
1.0,1
1.0,1
1.0,1
1.0,1
1.0,1
1.0,1
1.0,1
1.0,1
1.0,1
1.0,1
1.0,1
1.0,1
1.0,1
1.0,1
1.0,1
1.0,1
1.0,1
1.0,1
1.0,1
1.0,1
1.0,1
1.0,1
1.0,1
1.0,1
1.0,1
1.0,1
1.0,1
1.0,1
1.0,1
1.0,1
